{
    "id": 11348282,
    "id_str": "11348282",
    "name": "NASA",
    "screen_name": "NASA",
    "location": "Pale Blue Dot",
    "description": "There's space for everybody. \u2728",
    "url": "https://t.co/9NkQJKAnuU",
    "entities": {
        "url": {
            "urls": [
                {
                    "url": "https://t.co/9NkQJKAnuU",
                    "expanded_url": "http://www.nasa.gov/",
                    "display_url": "nasa.gov",
                    "indices": [
                        0,
                        23
                    ]
                }
            ]
        },
        "description": {
            "urls": []
        }
    },
    "protected": false,
    "followers_count": 70261477,
    "friends_count": 182,
    "listed_count": 99740,
    "created_at": "Wed Dec 19 20:20:32 +0000 2007",
    "favourites_count": 14783,
    "utc_offset": null,
    "time_zone": null,
    "geo_enabled": false,
    "verified": true,
    "statuses_count": 69451,
    "lang": null,
    "status": {
        "created_at": "Tue Jan 31 21:34:29 +0000 2023",
        "id": 1620536018654076929,
        "id_str": "1620536018654076929",
        "text": "LIVE: @VP awards former astronauts Bob Behnken and Doug Hurley the Congressional Space Medal of Honor for bravery i\u2026 https://t.co/UHVmgPEqz4",
        "truncated": true,
        "entities": {
            "hashtags": [],
            "symbols": [],
            "user_mentions": [
                {
                    "screen_name": "VP",
                    "name": "Vice President Kamala Harris",
                    "id": 803694179079458816,
                    "id_str": "803694179079458816",
                    "indices": [
                        6,
                        9
                    ]
                }
            ],
            "urls": [
                {
                    "url": "https://t.co/UHVmgPEqz4",
                    "expanded_url": "https://twitter.com/i/web/status/1620536018654076929",
                    "display_url": "twitter.com/i/web/status/1\u2026",
                    "indices": [
                        117,
                        140
                    ]
                }
            ]
        },
        "source": "<a href=\"https://mobile.twitter.com\" rel=\"nofollow\">Twitter Web App</a>",
        "in_reply_to_status_id": null,
        "in_reply_to_status_id_str": null,
        "in_reply_to_user_id": null,
        "in_reply_to_user_id_str": null,
        "in_reply_to_screen_name": null,
        "geo": null,
        "coordinates": null,
        "place": null,
        "contributors": null,
        "is_quote_status": false,
        "retweet_count": 110,
        "favorite_count": 728,
        "favorited": false,
        "retweeted": false,
        "possibly_sensitive": false,
        "lang": "en"
    },
    "contributors_enabled": false,
    "is_translator": false,
    "is_translation_enabled": false,
    "profile_background_color": "000000",
    "profile_background_image_url": "http://abs.twimg.com/images/themes/theme1/bg.png",
    "profile_background_image_url_https": "https://abs.twimg.com/images/themes/theme1/bg.png",
    "profile_background_tile": false,
    "profile_image_url": "http://pbs.twimg.com/profile_images/1321163587679784960/0ZxKlEKB_normal.jpg",
    "profile_image_url_https": "https://pbs.twimg.com/profile_images/1321163587679784960/0ZxKlEKB_normal.jpg",
    "profile_banner_url": "https://pbs.twimg.com/profile_banners/11348282/1672941961",
    "profile_link_color": "205BA7",
    "profile_sidebar_border_color": "000000",
    "profile_sidebar_fill_color": "F3F2F2",
    "profile_text_color": "000000",
    "profile_use_background_image": true,
    "has_extended_profile": true,
    "default_profile": false,
    "default_profile_image": false,
    "following": true,
    "live_following": false,
    "follow_request_sent": false,
    "notifications": false,
    "muting": false,
    "blocking": false,
    "blocked_by": false,
    "translator_type": "regular",
    "withheld_in_countries": []
}